"1";"2";"3";"4";"5"
"219";"1";"39.478020";"-0.375805";"-0.375805,39.478020 -0.375805,39.478020"
"219";"679";"39.489754";"-0.403290";"-0.410842,39.495773 -0.405261,39.487649 -0.404397,39.487126 -0.403524,39.487612 -0.403016,39.488054 -0.400635,39.488045 -0.397443,39.487544 -0.398127,39.488524 -0.402487,39.494614 -0.404800,39.497805 -0.410842,39.495773"
"219";"680";"39.455425";"-0.343495";"-0.349925,39.454684 -0.344998,39.452875 -0.341738,39.453520 -0.341550,39.455467 -0.340927,39.457874 -0.348358,39.459496 -0.348394,39.458809 -0.348284,39.458101 -0.347384,39.456368 -0.349925,39.454684"
"219";"101002";"39.471455";"-0.383845";"-0.383998,39.472758 -0.383886,39.473803 -0.384257,39.473838 -0.384862,39.473179 -0.385205,39.472780 -0.385726,39.472103 -0.386118,39.471886 -0.384426,39.469497 -0.383129,39.467729 -0.381803,39.469172 -0.381423,39.469995 -0.380924,39.470134 -0.380428,39.470007 -0.379694,39.471234 -0.379799,39.473039 -0.380582,39.472989 -0.380855,39.473104 -0.381117,39.472962 -0.383998,39.472758"
"219";"101003";"39.476837";"-0.381445";"-0.380239,39.476811 -0.380346,39.477683 -0.380512,39.477865 -0.380810,39.477544 -0.381388,39.477608 -0.382474,39.477901 -0.383199,39.477994 -0.383475,39.476776 -0.383840,39.476819 -0.384009,39.475749 -0.382554,39.475962 -0.381864,39.476130 -0.380414,39.476307 -0.380239,39.476811"
"219";"101004";"39.475788";"-0.373235";"-0.373844,39.475418 -0.373101,39.475217 -0.372768,39.475184 -0.372687,39.475584 -0.372194,39.475472 -0.371564,39.475069 -0.371059,39.475733 -0.370892,39.476201 -0.370052,39.477374 -0.370685,39.477788 -0.372619,39.479063 -0.375450,39.480458 -0.376274,39.478777 -0.376874,39.477421 -0.376894,39.477267 -0.376899,39.476844 -0.376808,39.476834 -0.376848,39.476601 -0.376732,39.476572 -0.376623,39.475893 -0.376589,39.475679 -0.376310,39.475510 -0.376480,39.475240 -0.376209,39.475083 -0.375697,39.474852 -0.375191,39.474771 -0.374164,39.474800 -0.373844,39.475418"
"219";"101005";"39.473751";"-0.382264";"-0.383885,39.473803 -0.383998,39.472758 -0.381119,39.472962 -0.381264,39.473323 -0.381154,39.473430 -0.381332,39.473594 -0.381204,39.473779 -0.381223,39.474135 -0.381288,39.474417 -0.381297,39.474542 -0.381236,39.474692 -0.380983,39.475097 -0.382630,39.475338 -0.382555,39.475962 -0.384010,39.475748 -0.383885,39.473803"
"219";"101006";"39.473446";"-0.375815";"-0.374184,39.470705 -0.374235,39.471148 -0.373745,39.471172 -0.373283,39.471233 -0.372798,39.471581 -0.373611,39.471815 -0.373541,39.472352 -0.373216,39.473331 -0.374247,39.473542 -0.374257,39.473940 -0.374533,39.474008 -0.374456,39.474280 -0.374164,39.474801 -0.375181,39.474770 -0.375696,39.474851 -0.376208,39.475084 -0.376474,39.475237 -0.376702,39.475351 -0.377699,39.475374 -0.377599,39.474762 -0.377308,39.474594 -0.376891,39.474242 -0.377276,39.473854 -0.377839,39.473448 -0.377817,39.473332 -0.377961,39.472585 -0.378202,39.472012 -0.378504,39.471395 -0.378816,39.470923 -0.378015,39.470610 -0.376701,39.470156 -0.375976,39.470351 -0.373967,39.470389 -0.374184,39.470705"
"219";"101007";"39.475239";"-0.386917";"-0.383200,39.477994 -0.382474,39.477901 -0.381387,39.477608 -0.380811,39.477544 -0.380512,39.477865 -0.380725,39.478043 -0.380701,39.478393 -0.380514,39.479006 -0.380293,39.479690 -0.383043,39.480274 -0.383451,39.481083 -0.390627,39.478141 -0.388930,39.475742 -0.389469,39.475549 -0.390703,39.475291 -0.390332,39.474688 -0.391976,39.474439 -0.390360,39.472198 -0.387229,39.473413 -0.386118,39.471887 -0.385727,39.472104 -0.385202,39.472784 -0.384862,39.473179 -0.384257,39.473839 -0.383885,39.473803 -0.384009,39.475749 -0.383840,39.476819 -0.383475,39.476776 -0.383200,39.477994"
"219";"101008";"39.468948";"-0.380383";"-0.382663,39.467106 -0.381933,39.467928 -0.380505,39.467308 -0.380869,39.466802 -0.378280,39.466124 -0.376861,39.466440 -0.376518,39.467424 -0.377142,39.467578 -0.376703,39.470156 -0.378016,39.470611 -0.378816,39.470922 -0.379555,39.471273 -0.379693,39.471234 -0.380428,39.470007 -0.380925,39.470133 -0.381423,39.469995 -0.381803,39.469172 -0.383129,39.467729 -0.382663,39.467106"
"219";"101009";"39.476589";"-0.378778";"-0.377599,39.474763 -0.377699,39.475374 -0.376701,39.475352 -0.376480,39.475241 -0.376313,39.475510 -0.376589,39.475680 -0.376624,39.475889 -0.376732,39.476573 -0.376848,39.476600 -0.376809,39.476833 -0.376900,39.476844 -0.376895,39.477268 -0.376874,39.477421 -0.376276,39.478776 -0.376555,39.478858 -0.377286,39.478392 -0.377277,39.478049 -0.377612,39.478101 -0.377754,39.477935 -0.378730,39.478427 -0.378855,39.477952 -0.379440,39.477600 -0.379542,39.477482 -0.379968,39.477516 -0.379987,39.477651 -0.380344,39.477682 -0.380240,39.476816 -0.380414,39.476307 -0.380112,39.476153 -0.379576,39.475158 -0.378796,39.474975 -0.378425,39.474747 -0.377991,39.474348 -0.377599,39.474763"
"219";"101010";"39.479332";"-0.378691";"-0.379070,39.482260 -0.381060,39.482169 -0.383451,39.481083 -0.383043,39.480275 -0.380292,39.479690 -0.380519,39.479003 -0.380701,39.478392 -0.380726,39.478044 -0.380512,39.477865 -0.380342,39.477681 -0.379986,39.477653 -0.379968,39.477514 -0.379544,39.477482 -0.379443,39.477597 -0.378856,39.477951 -0.378731,39.478428 -0.377753,39.477936 -0.377611,39.478102 -0.377279,39.478050 -0.377289,39.478391 -0.376554,39.478859 -0.376275,39.478777 -0.375452,39.480459 -0.379070,39.482260"
"219";"101011";"39.473820";"-0.371789";"-0.372446,39.470336 -0.371032,39.470296 -0.370284,39.471686 -0.369314,39.471351 -0.369137,39.471532 -0.368456,39.472116 -0.368971,39.472856 -0.367660,39.473590 -0.366248,39.473862 -0.370052,39.477373 -0.370891,39.476204 -0.371058,39.475731 -0.371564,39.475068 -0.372198,39.475473 -0.372687,39.475585 -0.372767,39.475183 -0.373103,39.475216 -0.373844,39.475418 -0.374163,39.474801 -0.374455,39.474280 -0.374534,39.474009 -0.374256,39.473941 -0.374247,39.473543 -0.373217,39.473333 -0.373541,39.472354 -0.373609,39.471816 -0.372798,39.471582 -0.373283,39.471232 -0.373742,39.471171 -0.374237,39.471148 -0.374181,39.470704 -0.373970,39.470389 -0.372446,39.470336"
"219";"101012";"39.474770";"-0.379708";"-0.380414,39.476307 -0.381861,39.476131 -0.382554,39.475962 -0.382629,39.475338 -0.380982,39.475097 -0.381237,39.474690 -0.381296,39.474543 -0.381287,39.474417 -0.381223,39.474136 -0.381203,39.473780 -0.381333,39.473594 -0.381153,39.473430 -0.381264,39.473323 -0.381118,39.472962 -0.380856,39.473104 -0.380578,39.472989 -0.379799,39.473040 -0.379693,39.471235 -0.379554,39.471274 -0.378817,39.470923 -0.378507,39.471391 -0.378204,39.472010 -0.377962,39.472584 -0.377817,39.473331 -0.377839,39.473448 -0.377277,39.473854 -0.376891,39.474242 -0.377306,39.474593 -0.377599,39.474762 -0.377991,39.474348 -0.378427,39.474747 -0.378796,39.474974 -0.379576,39.475158 -0.380112,39.476153 -0.380414,39.476307"
"219";"102014";"39.477810";"-0.355620";"-0.353997,39.479538 -0.354740,39.478140 -0.355567,39.478451 -0.359562,39.481376 -0.360702,39.480536 -0.361236,39.479464 -0.361892,39.478160 -0.358109,39.477013 -0.353855,39.475753 -0.352472,39.475304 -0.351306,39.478222 -0.351177,39.478699 -0.351347,39.479419 -0.352219,39.480943 -0.353997,39.479538"
"219";"102015";"39.482922";"-0.363274";"-0.360705,39.480536 -0.359561,39.481376 -0.362477,39.483508 -0.364305,39.480373 -0.361235,39.479466 -0.360705,39.480536"
"219";"102016";"39.482441";"-0.361589";"-0.364308,39.480370 -0.362477,39.483508 -0.362827,39.483775 -0.366472,39.486518 -0.367887,39.483867 -0.364678,39.482945 -0.366300,39.479497 -0.361893,39.478159 -0.361238,39.479465 -0.364308,39.480370"
"219";"102017";"39.474449";"-0.354702";"-0.353861,39.475752 -0.358117,39.477013 -0.358126,39.476479 -0.358456,39.475541 -0.359119,39.473789 -0.359449,39.473809 -0.359920,39.472857 -0.364163,39.470869 -0.363193,39.468824 -0.361394,39.468861 -0.360159,39.468289 -0.358489,39.469448 -0.356832,39.472078 -0.355813,39.471785 -0.355644,39.471946 -0.355067,39.473160 -0.354479,39.474372 -0.353861,39.475752"
"219";"102018";"39.476501";"-0.362694";"-0.366305,39.479496 -0.364681,39.482947 -0.367889,39.483864 -0.370685,39.477788 -0.370050,39.477372 -0.366247,39.473862 -0.364163,39.470869 -0.359967,39.472849 -0.359461,39.473816 -0.359106,39.473807 -0.358464,39.475546 -0.358140,39.476477 -0.358128,39.477016 -0.361891,39.478158 -0.366305,39.479496"
"219";"102191";"39.457382";"-0.366741";"-0.366324,39.460938 -0.367287,39.460520 -0.367920,39.461437 -0.372086,39.459661 -0.371425,39.458759 -0.371211,39.458830 -0.371291,39.458128 -0.370854,39.457550 -0.370889,39.457010 -0.370450,39.457021 -0.370503,39.455737 -0.367140,39.455076 -0.365337,39.452575 -0.361509,39.454149 -0.363844,39.457450 -0.366324,39.460938 "
"219";"103019";"39.464672";"-0.381692";"-0.378032,39.463196 -0.380006,39.463381 -0.381681,39.465736 -0.382144,39.465567 -0.382997,39.466689 -0.385565,39.463704 -0.384412,39.462860 -0.382724,39.462495 -0.382389,39.462128 -0.381970,39.461644 -0.378934,39.460705 -0.378032,39.463196"
"219";"103020";"39.470348";"-0.387976";"-0.386119,39.471886 -0.387229,39.473413 -0.390359,39.472198 -0.391696,39.471657 -0.389574,39.468671 -0.388268,39.469196 -0.387533,39.468116 -0.384427,39.469497 -0.386119,39.471886"
"219";"103021";"39.465073";"-0.386033";"-0.382996,39.466689 -0.382663,39.467107 -0.383129,39.467728 -0.384426,39.469498 -0.387532,39.468116 -0.388268,39.469196 -0.389574,39.468671 -0.388890,39.467729 -0.390220,39.467184 -0.387428,39.463273 -0.386757,39.462343 -0.385566,39.463704 -0.382996,39.466689"
"219";"103022";"39.475220";"-0.391123";"-0.396353,39.475730 -0.395295,39.474285 -0.392189,39.474511 -0.391976,39.474438 -0.390333,39.474688 -0.390703,39.475291 -0.389469,39.475549 -0.388932,39.475743 -0.390627,39.478141 -0.396353,39.475730"
"219";"103023";"39.469635";"-0.392640";"-0.388891,39.467729 -0.389574,39.468670 -0.391696,39.471657 -0.392625,39.471252 -0.393019,39.471069 -0.394472,39.470535 -0.395186,39.468315 -0.395370,39.467930 -0.393273,39.467561 -0.392650,39.467539 -0.391746,39.467312 -0.390482,39.467081 -0.390220,39.467184 -0.388891,39.467729"
"219";"103025";"39.473568";"-0.392530";"-0.395312,39.474053 -0.396736,39.473809 -0.396850,39.472386 -0.397342,39.472183 -0.397387,39.471297 -0.394472,39.470535 -0.393019,39.471069 -0.392624,39.471253 -0.391696,39.471657 -0.390360,39.472198 -0.391976,39.474438 -0.392189,39.474511 -0.395296,39.474284 -0.395312,39.474053"
"219";"103026";"39.461441";"-0.385435";"-0.386876,39.462191 -0.385921,39.460839 -0.386066,39.460646 -0.385707,39.460243 -0.385529,39.460201 -0.384314,39.458475 -0.384001,39.458493 -0.382521,39.456442 -0.382023,39.455893 -0.381504,39.455547 -0.380895,39.455373 -0.378934,39.460705 -0.381971,39.461644 -0.382389,39.462127 -0.382724,39.462495 -0.384412,39.462860 -0.385566,39.463704 -0.386757,39.462342 -0.386876,39.462191"
"219";"103027";"39.465412";"-0.381265";"-0.382996,39.466689 -0.382144,39.465567 -0.381680,39.465736 -0.380006,39.463381 -0.378031,39.463196 -0.376860,39.466440 -0.378280,39.466124 -0.380869,39.466802 -0.380506,39.467308 -0.381932,39.467926 -0.382663,39.467106 -0.382996,39.466689"
"219";"103028";"39.465073";"-0.392925";"-0.395370,39.467930 -0.395401,39.467661 -0.394482,39.465422 -0.394695,39.465229 -0.396039,39.463967 -0.392246,39.464115 -0.392177,39.464374 -0.391956,39.464820 -0.390482,39.467081 -0.391748,39.467312 -0.392650,39.467539 -0.393274,39.467561 -0.395370,39.467930"
"219";"105037";"39.471516";"-0.338484";"-0.338172,39.469570 -0.334855,39.468735 -0.334661,39.470046 -0.334438,39.470985 -0.334064,39.472804 -0.334451,39.472945 -0.335583,39.473277 -0.336440,39.473505 -0.337005,39.473706 -0.337057,39.473523 -0.338576,39.474065 -0.338576,39.474270 -0.339380,39.474557 -0.340521,39.474766 -0.341170,39.474731 -0.341436,39.473781 -0.342788,39.470962 -0.338172,39.469570"
"219";"105038";"39.461491";"-0.342067";"-0.346255,39.463962 -0.347795,39.460872 -0.340394,39.459076 -0.339951,39.460914 -0.338754,39.461697 -0.346255,39.463962"
"219";"105039";"39.449726";"-0.333163";"-0.341738,39.453520 -0.340990,39.450897 -0.340148,39.450528 -0.338123,39.450072 -0.337481,39.449594 -0.337337,39.448922 -0.335647,39.448339 -0.335293,39.448332 -0.335553,39.446413 -0.334090,39.446252 -0.334400,39.445235 -0.334306,39.445095 -0.334394,39.444748 -0.332927,39.444559 -0.330456,39.443121 -0.329596,39.443833 -0.326831,39.445295 -0.327223,39.448545 -0.329072,39.450456 -0.332702,39.453858 -0.334437,39.454774 -0.340482,39.453906 -0.341738,39.453520"
"219";"105040";"39.469593";"-0.342624";"-0.349439,39.470029 -0.350903,39.470445 -0.351836,39.468461 -0.350237,39.468045 -0.347823,39.467602 -0.345728,39.467200 -0.345003,39.468740 -0.340353,39.467420 -0.335392,39.465978 -0.335072,39.467375 -0.334861,39.468730 -0.338169,39.469567 -0.342805,39.470961 -0.348348,39.472573 -0.349439,39.470029"
"219";"105041";"39.463688";"-0.345263";"-0.344995,39.468738 -0.345726,39.467191 -0.347814,39.467587 -0.348091,39.467444 -0.348984,39.465061 -0.348827,39.464737 -0.346255,39.463962 -0.338754,39.461698 -0.337623,39.462575 -0.336677,39.463618 -0.336203,39.464234 -0.335747,39.465044 -0.335391,39.465977 -0.340360,39.467416 -0.344995,39.468738"
"219";"105043";"39.461369";"-0.333815";"-0.336678,39.463617 -0.337626,39.462572 -0.338753,39.461697 -0.339950,39.460914 -0.340394,39.459075 -0.340533,39.458518 -0.340807,39.458221 -0.340927,39.457874 -0.341549,39.455468 -0.341738,39.453520 -0.340483,39.453907 -0.334437,39.454774 -0.332702,39.453858 -0.329071,39.450456 -0.327223,39.448545 -0.326830,39.445295 -0.325780,39.445369 -0.320439,39.448858 -0.322445,39.463041 -0.324265,39.463079 -0.326409,39.463168 -0.328412,39.463076 -0.329062,39.462787 -0.331561,39.462962 -0.336678,39.463617"
"219";"106044";"39.462383";"-0.351338";"-0.353856,39.464386 -0.353950,39.464215 -0.354224,39.464264 -0.356516,39.459024 -0.354595,39.457666 -0.349926,39.454685 -0.347385,39.456368 -0.348284,39.458101 -0.348394,39.458809 -0.348359,39.459497 -0.340927,39.457874 -0.340808,39.458221 -0.340533,39.458518 -0.340394,39.459075 -0.347795,39.460872 -0.346255,39.463962 -0.348827,39.464737 -0.351699,39.465562 -0.352284,39.464055 -0.353856,39.464386"
"219";"106045";"39.473339";"-0.351389";"-0.352476,39.475302 -0.353857,39.475743 -0.354460,39.474398 -0.355063,39.473150 -0.355673,39.471927 -0.354101,39.471462 -0.350902,39.470448 -0.349440,39.470030 -0.348359,39.472580 -0.347823,39.473984 -0.352476,39.475302"
"219";"106047";"39.475838";"-0.350791";"-0.351348,39.479428 -0.351171,39.478700 -0.351296,39.478242 -0.352470,39.475300 -0.347816,39.473985 -0.346463,39.477272 -0.345343,39.479725 -0.350874,39.481338 -0.351352,39.481505 -0.352219,39.480944 -0.351348,39.479428"
"219";"106048";"39.466408";"-0.353683";"-0.357524,39.464224 -0.359972,39.463369 -0.358772,39.461266 -0.357777,39.459943 -0.356517,39.459025 -0.354236,39.464279 -0.353940,39.464217 -0.353859,39.464386 -0.352294,39.464062 -0.351744,39.465430 -0.348540,39.464494 -0.349010,39.465064 -0.348119,39.467449 -0.347833,39.467599 -0.350233,39.468044 -0.351844,39.468453 -0.350909,39.470451 -0.354103,39.471454 -0.357524,39.464224"
"219";"106049";"39.473499";"-0.344559";"-0.345356,39.479718 -0.346489,39.477288 -0.347798,39.473977 -0.348354,39.472585 -0.342807,39.470971 -0.341471,39.473716 -0.341173,39.474734 -0.340517,39.474753 -0.339389,39.474560 -0.338746,39.475782 -0.338668,39.477196 -0.338448,39.477731 -0.345356,39.479718"
"219";"106050";"39.466934";"-0.356677";"-0.355808,39.471782 -0.356826,39.472070 -0.358488,39.469443 -0.360155,39.468285 -0.361395,39.468858 -0.363194,39.468824 -0.359972,39.463369 -0.357526,39.464225 -0.354107,39.471462 -0.354691,39.471630 -0.355658,39.471924 -0.355808,39.471782"
"219";"107051";"39.309841";"-0.317984";"-0.299503,39.310125 -0.301358,39.310222 -0.305707,39.312241 -0.311985,39.314287 -0.311851,39.313019 -0.311156,39.312228 -0.310158,39.309808 -0.308615,39.305052 -0.305552,39.299306 -0.308888,39.301239 -0.312400,39.303482 -0.314132,39.303603 -0.315162,39.303969 -0.316344,39.303447 -0.318117,39.303249 -0.318253,39.303559 -0.318452,39.305653 -0.318762,39.307669 -0.318634,39.309067 -0.318438,39.311162 -0.318504,39.311722 -0.320445,39.311758 -0.320537,39.312895 -0.322877,39.314822 -0.324080,39.314508 -0.328509,39.313979 -0.329559,39.313080 -0.333391,39.315235 -0.333472,39.313890 -0.337252,39.314139 -0.337847,39.317472 -0.347119,39.316499 -0.350369,39.311434 -0.355987,39.311868 -0.357709,39.308277 -0.359099,39.307200 -0.361177,39.306815 -0.361694,39.305718 -0.362466,39.306290 -0.363182,39.306243 -0.364089,39.305340 -0.367128,39.306828 -0.367185,39.307442 -0.369239,39.307673 -0.374255,39.307232 -0.375424,39.307813 -0.375846,39.309241 -0.377003,39.310128 -0.379345,39.311167 -0.378448,39.311822 -0.376291,39.312206 -0.381203,39.316691 -0.384394,39.317497 -0.384981,39.316650 -0.390050,39.314795 -0.391117,39.318143 -0.391208,39.322087 -0.391647,39.323083 -0.394509,39.322962 -0.395168,39.326608 -0.395958,39.328842 -0.397472,39.328691 -0.398247,39.331330 -0.395867,39.331276 -0.395810,39.332816 -0.398783,39.333990 -0.397686,39.335754 -0.393276,39.334790 -0.393076,39.335894 -0.395277,39.336497 -0.393542,39.338310 -0.392441,39.338037 -0.392187,39.338464 -0.391069,39.338624 -0.390722,39.339413 -0.391810,39.340055 -0.387909,39.340337 -0.388763,39.340847 -0.388115,39.341202 -0.388667,39.343435 -0.386926,39.343269 -0.386781,39.345054 -0.387383,39.347996 -0.386206,39.347600 -0.386786,39.349090 -0.386246,39.350804 -0.386443,39.351916 -0.385878,39.352151 -0.385610,39.352942 -0.385991,39.353383 -0.385039,39.353362 -0.384066,39.353894 -0.382850,39.354547 -0.382653,39.355587 -0.378696,39.357345 -0.378262,39.358322 -0.376203,39.358154 -0.376190,39.358523 -0.375096,39.358066 -0.371796,39.359221 -0.369937,39.362197 -0.363284,39.359582 -0.360841,39.362207 -0.360084,39.363361 -0.360921,39.364303 -0.356216,39.364814 -0.353554,39.365924 -0.351668,39.367480 -0.351955,39.368289 -0.347987,39.370293 -0.344481,39.366393 -0.341426,39.367373 -0.342964,39.370795 -0.337860,39.373449 -0.335026,39.368578 -0.333264,39.368970 -0.331549,39.365340 -0.330269,39.365356 -0.329577,39.361894 -0.329369,39.357912 -0.326306,39.357954 -0.323253,39.348398 -0.321075,39.339488 -0.319150,39.340105 -0.312303,39.331015 -0.311707,39.327794 -0.310538,39.324754 -0.304320,39.315750 -0.300734,39.313153 -0.299179,39.311513"
"219";"107052";"39.309509";"-0.298866";"-0.292113,39.308282 -0.285856,39.296465 -0.280149,39.286999 -0.275440,39.279163 -0.275755,39.278765 -0.276449,39.279097 -0.278365,39.279263 -0.278794,39.279170 -0.279274,39.279249 -0.281619,39.279826 -0.285353,39.281017 -0.287184,39.281415 -0.292909,39.283445 -0.293593,39.284510 -0.300986,39.292925 -0.305552,39.299306 -0.308615,39.305052 -0.310158,39.309808 -0.311156,39.312228 -0.311851,39.313019 -0.311985,39.314287 -0.305707,39.312241 -0.301358,39.310222 -0.299503,39.310125"
"219";"107053";"39.429173";"-0.363598";"-0.370643,39.433454 -0.370651,39.432274 -0.370772,39.430574 -0.370969,39.429390 -0.371520,39.428037 -0.370372,39.427602 -0.369160,39.427380 -0.366861,39.426440 -0.366197,39.426234 -0.365393,39.426222 -0.363571,39.426457 -0.362989,39.426489 -0.361488,39.426361 -0.358129,39.426031 -0.351183,39.425404 -0.350202,39.422800 -0.350158,39.422287 -0.345829,39.421427 -0.344168,39.421313 -0.344166,39.422353 -0.345716,39.428376 -0.344866,39.428944 -0.360708,39.434661 -0.370223,39.435539 -0.370643,39.433454"
"219";"107054";"39.445576";"-0.339698";"-0.349926,39.454683 -0.349841,39.450617 -0.351650,39.449887 -0.350804,39.449387 -0.351142,39.448913 -0.350019,39.448318 -0.349725,39.448399 -0.348169,39.447696 -0.347880,39.448371 -0.347436,39.448905 -0.340784,39.444209 -0.340676,39.443046 -0.341020,39.441353 -0.342026,39.440032 -0.343656,39.439199 -0.343650,39.436607 -0.343526,39.434616 -0.343063,39.432114 -0.343165,39.431442 -0.344865,39.428943 -0.336821,39.426395 -0.334248,39.438346 -0.330456,39.443121 -0.332927,39.444559 -0.334394,39.444748 -0.334306,39.445095 -0.334400,39.445235 -0.334091,39.446251 -0.335553,39.446413 -0.335294,39.448331 -0.335647,39.448338 -0.337337,39.448922 -0.337481,39.449594 -0.338123,39.450072 -0.340149,39.450527 -0.340990,39.450897 -0.341738,39.453520 -0.344998,39.452874 -0.349926,39.454683"
"219";"107056";"39.383076";"-0.333023";"-0.328140,39.397680 -0.326464,39.389597 -0.323113,39.380128 -0.319224,39.368877 -0.317077,39.363872 -0.312439,39.350815 -0.306135,39.336692 -0.300748,39.324775 -0.292113,39.308282 -0.299503,39.310125 -0.299179,39.311513 -0.300734,39.313153 -0.304320,39.315750 -0.310538,39.324754 -0.311707,39.327794 -0.312303,39.331015 -0.319150,39.340105 -0.321075,39.339488 -0.323253,39.348398 -0.326306,39.357954 -0.329369,39.357912 -0.329577,39.361894 -0.330269,39.365356 -0.331316,39.370583 -0.334137,39.379485 -0.337561,39.385320 -0.336128,39.385625 -0.335303,39.383462 -0.334509,39.383552 -0.334457,39.385150 -0.332092,39.384915 -0.331845,39.386914 -0.331420,39.389080 -0.330856,39.390409 -0.330944,39.391474 -0.329994,39.391151 -0.329378,39.391767 -0.328815,39.392421"
"219";"107057";"39.425472";"-0.364891";"-0.371520,39.428037 -0.372377,39.426142 -0.371407,39.425647 -0.371996,39.424210 -0.371346,39.423903 -0.370643,39.423608 -0.369403,39.423080 -0.368127,39.422452 -0.367722,39.422253 -0.366394,39.421656 -0.365537,39.421289 -0.364693,39.421018 -0.364858,39.420270 -0.364818,39.419962 -0.364003,39.419813 -0.363369,39.419614 -0.362725,39.419388 -0.361883,39.419274 -0.360099,39.419738 -0.358985,39.419650 -0.358080,39.419800 -0.357216,39.419569 -0.353661,39.422042 -0.350158,39.422287 -0.350201,39.422799 -0.351183,39.425404 -0.358129,39.426031 -0.361483,39.426360 -0.362988,39.426488 -0.363570,39.426457 -0.365389,39.426223 -0.366196,39.426234 -0.366861,39.426440 -0.369160,39.427380 -0.370372,39.427602 -0.371520,39.428037"
"219";"107058";"39.422199";"-0.340088";"-0.345716,39.428376 -0.344166,39.422353 -0.344168,39.421312 -0.345829,39.421427 -0.350158,39.422287 -0.349633,39.415671 -0.350846,39.407456 -0.351074,39.402587 -0.350502,39.400561 -0.349282,39.399367 -0.348836,39.398424 -0.347312,39.397317 -0.345211,39.393954 -0.343857,39.391540 -0.341323,39.388496 -0.337561,39.385320 -0.336128,39.385625 -0.335303,39.383462 -0.334509,39.383552 -0.334457,39.385150 -0.332092,39.384915 -0.331845,39.386914 -0.331420,39.389080 -0.330856,39.390409 -0.330944,39.391474 -0.329994,39.391151 -0.329378,39.391767 -0.328815,39.392421 -0.328140,39.397680 -0.330934,39.408221 -0.333189,39.417047 -0.333636,39.419571 -0.334237,39.421900 -0.335073,39.425068 -0.336821,39.426395 -0.344866,39.428943 -0.345716,39.428376"
"219";"108060";"39.467827";"-0.328779";"-0.329585,39.475232 -0.329714,39.473398 -0.330001,39.472075 -0.330104,39.472086 -0.330152,39.471677 -0.330548,39.470016 -0.331902,39.470322 -0.334448,39.470992 -0.334660,39.470044 -0.334864,39.468751 -0.335072,39.467377 -0.332339,39.467117 -0.331407,39.467118 -0.328447,39.466989 -0.328038,39.469634 -0.327367,39.474414 -0.327771,39.474661 -0.329585,39.475232"
"219";"108061";"39.483768";"-0.328531";"-0.333375,39.476304 -0.332553,39.480623 -0.331066,39.480408 -0.328111,39.479479 -0.327391,39.479300 -0.325832,39.479124 -0.323976,39.479137 -0.324326,39.483607 -0.324329,39.484143 -0.325574,39.484259 -0.326458,39.484249 -0.327199,39.484272 -0.327682,39.484281 -0.328370,39.484462 -0.328644,39.484603 -0.330099,39.485061 -0.330997,39.485723 -0.331263,39.485763 -0.332268,39.486313 -0.334186,39.487759 -0.335725,39.487310 -0.336409,39.486437 -0.337137,39.485963 -0.338062,39.485913 -0.339240,39.486180 -0.339851,39.486164 -0.341242,39.486712 -0.341871,39.486931 -0.342371,39.486869 -0.342908,39.486994 -0.351352,39.481505 -0.350877,39.481343 -0.345341,39.479729 -0.338446,39.477736 -0.333375,39.476304"
"219";"108062";"39.472748";"-0.331791";"-0.338643,39.477235 -0.338743,39.475792 -0.339377,39.474564 -0.338556,39.474261 -0.338583,39.474074 -0.337040,39.473519 -0.337003,39.473710 -0.336456,39.473512 -0.335564,39.473268 -0.334471,39.472957 -0.334067,39.472791 -0.334434,39.470991 -0.331903,39.470317 -0.330538,39.470029 -0.330160,39.471700 -0.330101,39.472085 -0.329984,39.472090 -0.329737,39.473397 -0.329609,39.475239 -0.333382,39.476310 -0.338452,39.477732 -0.338643,39.477235"
"219";"108063";"39.474026";"-0.325556";"-0.327340,39.474406 -0.328048,39.469625 -0.327025,39.469554 -0.325846,39.469407 -0.324785,39.469397 -0.323294,39.469402 -0.323695,39.475190 -0.327693,39.475280 -0.327340,39.474406"
"219";"108064";"39.464840";"-0.332014";"-0.335070,39.467374 -0.335392,39.465972 -0.335746,39.465044 -0.336203,39.464234 -0.336678,39.463616 -0.331561,39.462958 -0.329073,39.462787 -0.328410,39.463073 -0.326413,39.463179 -0.327606,39.465337 -0.327943,39.465400 -0.327869,39.465982 -0.328580,39.466033 -0.328449,39.466986 -0.331417,39.467113 -0.332337,39.467116 -0.335070,39.467374"
"219";"108065";"39.478210";"-0.328076";"-0.333382,39.476310 -0.329597,39.475251 -0.327773,39.474674 -0.327345,39.474410 -0.327695,39.475310 -0.323693,39.475192 -0.323980,39.479140 -0.325851,39.479129 -0.326809,39.479193 -0.327382,39.479293 -0.328103,39.479478 -0.330904,39.480390 -0.332571,39.480612 -0.333382,39.476310"
"219";"108066";"39.466240";"-0.326585";"-0.323298,39.469399 -0.324779,39.469398 -0.325841,39.469420 -0.327022,39.469542 -0.328045,39.469627 -0.328446,39.466987 -0.328579,39.466035 -0.327866,39.465985 -0.327938,39.465403 -0.327612,39.465342 -0.326410,39.463177 -0.324257,39.463082 -0.322451,39.463042 -0.322670,39.465785 -0.323298,39.469399"
"219";"109067";"39.488846";"-0.386756";"-0.389500,39.488681 -0.388220,39.487429 -0.387125,39.486574 -0.385139,39.487053 -0.384944,39.487023 -0.382217,39.487640 -0.382744,39.490042 -0.383660,39.489860 -0.389500,39.488681"
"219";"109069";"39.489140";"-0.387631";"-0.389500,39.488681 -0.383660,39.489860 -0.384905,39.493683 -0.386716,39.494962 -0.387301,39.494331 -0.389560,39.489865 -0.389548,39.489000 -0.389500,39.488681"
"219";"109070";"39.495159";"-0.381317";"-0.390859,39.498029 -0.390005,39.497272 -0.388690,39.495997 -0.388255,39.495566 -0.387805,39.495244 -0.386716,39.494962 -0.384905,39.493683 -0.383660,39.489860 -0.382744,39.490042 -0.378582,39.490954 -0.379316,39.492065 -0.379853,39.492984 -0.380207,39.493966 -0.380799,39.495705 -0.381295,39.496762 -0.381425,39.497200 -0.381396,39.498517 -0.386286,39.497564 -0.388922,39.500142 -0.391411,39.498618 -0.390859,39.498029"
"219";"109071";"39.494160";"-0.394186";"-0.393841,39.492885 -0.392453,39.493723 -0.388690,39.495997 -0.390005,39.497271 -0.390871,39.498035 -0.391412,39.498618 -0.394303,39.496815 -0.396167,39.495838 -0.396740,39.495432 -0.396267,39.494986 -0.395828,39.494696 -0.393841,39.492885"
"219";"109072";"39.488842";"-0.391905";"-0.389500,39.488681 -0.391020,39.490114 -0.391629,39.490255 -0.392452,39.490634 -0.393116,39.491091 -0.393506,39.491417 -0.393823,39.490952 -0.394248,39.490647 -0.394678,39.490036 -0.398126,39.488524 -0.397442,39.487544 -0.396165,39.485784 -0.389500,39.488681"
"219";"109073";"39.499962";"-0.392782";"-0.396740,39.495432 -0.396165,39.495839 -0.394303,39.496815 -0.391412,39.498618 -0.388922,39.500142 -0.391362,39.502461 -0.392980,39.502976 -0.394464,39.502794 -0.395807,39.502127 -0.398707,39.500000 -0.400433,39.499296 -0.399569,39.498190 -0.398714,39.497330 -0.396740,39.495432"
"219";"109074";"39.492058";"-0.391161";"-0.393841,39.492885 -0.394464,39.492364 -0.393507,39.491418 -0.393116,39.491091 -0.392451,39.490634 -0.391629,39.490255 -0.391020,39.490115 -0.389501,39.488681 -0.389548,39.488998 -0.389560,39.489864 -0.387301,39.494331 -0.386716,39.494962 -0.387805,39.495244 -0.388255,39.495565 -0.388690,39.495997 -0.392453,39.493723 -0.393841,39.492885"
"219";"109075";"39.493999";"-0.397797";"-0.394678,39.490036 -0.394248,39.490647 -0.393823,39.490952 -0.393506,39.491417 -0.394464,39.492364 -0.393841,39.492885 -0.395827,39.494696 -0.396268,39.494986 -0.396740,39.495432 -0.398714,39.497330 -0.399570,39.498191 -0.400433,39.499296 -0.401396,39.498907 -0.399661,39.497181 -0.399025,39.496649 -0.398324,39.495960 -0.399674,39.495182 -0.400000,39.495644 -0.402487,39.494614 -0.398126,39.488524 -0.394678,39.490036"
"219";"110076";"39.486137";"-0.388718";"-0.392940,39.481387 -0.389711,39.482835 -0.388887,39.483457 -0.385176,39.485027 -0.387125,39.486574 -0.388219,39.487429 -0.389500,39.488681 -0.392940,39.481387"
"219";"110077";"39.481972";"-0.396842";"-0.409043,39.477748 -0.404657,39.478575 -0.400004,39.478386 -0.398587,39.478882 -0.398471,39.478711 -0.392736,39.481099 -0.392941,39.481387 -0.396165,39.485784 -0.397442,39.487544 -0.400635,39.488045 -0.403016,39.488054 -0.403524,39.487612 -0.404397,39.487125 -0.405261,39.487649 -0.409652,39.484447 -0.410577,39.481279 -0.409043,39.477748"
"219";"110078";"39.479580";"-0.395060";"-0.396353,39.475731 -0.390627,39.478141 -0.392736,39.481099 -0.398471,39.478711 -0.396353,39.475731"
"219";"110079";"39.482952";"-0.386032";"-0.383452,39.481083 -0.381060,39.482170 -0.385176,39.485027 -0.388888,39.483456 -0.389723,39.482834 -0.392940,39.481387 -0.392735,39.481099 -0.390627,39.478141 -0.383452,39.481083"
"219";"110080";"39.476074";"-0.399347";"-0.396353,39.475730 -0.398472,39.478711 -0.398587,39.478882 -0.400004,39.478386 -0.404657,39.478575 -0.409042,39.477748 -0.408571,39.474966 -0.407683,39.474035 -0.405871,39.473878 -0.396353,39.475730"
"219";"110081";"39.484936";"-0.381130";"-0.382216,39.487640 -0.384944,39.487022 -0.385139,39.487053 -0.387125,39.486574 -0.385176,39.485027 -0.381059,39.482170 -0.379071,39.482260 -0.378700,39.484846 -0.378531,39.485579 -0.378111,39.486241 -0.376569,39.488399 -0.375797,39.489562 -0.375966,39.489825 -0.376991,39.489580 -0.376984,39.490005 -0.377487,39.491193 -0.378582,39.490954 -0.382744,39.490042 -0.382216,39.487640"
"219";"110082";"39.485287";"-0.394302";"-0.392940,39.481387 -0.389501,39.488681 -0.396165,39.485784 -0.392940,39.481387"
"219";"113101";"39.481705";"-0.374529";"-0.372088,39.479706 -0.372250,39.479837 -0.372153,39.480281 -0.372656,39.480543 -0.372220,39.481203 -0.373239,39.481616 -0.370923,39.485177 -0.373212,39.485361 -0.374593,39.485333 -0.376810,39.485444 -0.378531,39.485579 -0.378701,39.484845 -0.379071,39.482261 -0.375449,39.480459 -0.372619,39.479063 -0.372088,39.479706"
"219";"113102";"39.483002";"-0.370122";"-0.367882,39.487512 -0.368355,39.487950 -0.369693,39.486979 -0.370921,39.485177 -0.373234,39.481616 -0.372217,39.481207 -0.372655,39.480541 -0.372148,39.480283 -0.372248,39.479836 -0.372088,39.479709 -0.372619,39.479063 -0.370685,39.477788 -0.367890,39.483864 -0.366473,39.486518 -0.367882,39.487512"
"219";"113103";"39.494926";"-0.366125";"-0.364695,39.490122 -0.364470,39.490250 -0.357652,39.494267 -0.360142,39.495241 -0.370413,39.498137 -0.370707,39.496841 -0.370980,39.496266 -0.371633,39.495080 -0.371078,39.494855 -0.370356,39.494378 -0.368779,39.493102 -0.368080,39.492696 -0.364695,39.490122"
"219";"113104";"39.490559";"-0.374336";"-0.377487,39.491193 -0.376984,39.490005 -0.376991,39.489580 -0.375966,39.489825 -0.375797,39.489563 -0.376568,39.488399 -0.374235,39.488106 -0.369693,39.486979 -0.368355,39.487950 -0.372107,39.490758 -0.374054,39.491936 -0.373185,39.493367 -0.374487,39.493146 -0.376896,39.492570 -0.379316,39.492065 -0.378582,39.490954 -0.377487,39.491193"
"219";"113106";"39.495308";"-0.375278";"-0.379316,39.492065 -0.376897,39.492570 -0.374488,39.493146 -0.373185,39.493367 -0.372667,39.494194 -0.372416,39.494295 -0.371949,39.494636 -0.371634,39.495081 -0.370968,39.496292 -0.370707,39.496840 -0.370413,39.498137 -0.375791,39.499478 -0.378810,39.499202 -0.381396,39.498517 -0.381425,39.497200 -0.381295,39.496763 -0.380799,39.495705 -0.380207,39.493967 -0.379854,39.492985 -0.379316,39.492065"
"219";"113107";"39.492290";"-0.367658";"-0.372106,39.490758 -0.368355,39.487950 -0.364695,39.490122 -0.368079,39.492696 -0.368781,39.493103 -0.370355,39.494378 -0.371078,39.494855 -0.371633,39.495080 -0.371949,39.494636 -0.372416,39.494295 -0.372667,39.494194 -0.373185,39.493367 -0.374053,39.491936 -0.372106,39.490758"
"219";"113108";"39.487259";"-0.375061";"-0.376813,39.485444 -0.374596,39.485333 -0.373213,39.485363 -0.370922,39.485178 -0.369693,39.486979 -0.374235,39.488106 -0.376568,39.488399 -0.378109,39.486300 -0.378531,39.485580 -0.376813,39.485444"
"219";"114110";"39.486275";"-0.359459";"-0.352415,39.488728 -0.350973,39.488592 -0.350315,39.488809 -0.351981,39.489640 -0.353322,39.490614 -0.353783,39.491084 -0.354780,39.491849 -0.354992,39.492291 -0.355274,39.492605 -0.356387,39.493257 -0.356932,39.493938 -0.357652,39.494267 -0.364470,39.490250 -0.360253,39.489027 -0.362358,39.484825 -0.356904,39.483219 -0.355933,39.488555 -0.352415,39.488728"
"219";"114112";"39.486378";"-0.363219";"-0.364470,39.490250 -0.364695,39.490122 -0.368355,39.487950 -0.367891,39.487517 -0.366472,39.486518 -0.362827,39.483776 -0.362617,39.484160 -0.362358,39.484825 -0.360253,39.489027 -0.364470,39.490250"
"219";"114114";"39.482815";"-0.355379";"-0.350973,39.488592 -0.352417,39.488727 -0.355932,39.488554 -0.356904,39.483219 -0.362358,39.484825 -0.362617,39.484161 -0.362827,39.483776 -0.362477,39.483508 -0.359561,39.481376 -0.355567,39.478451 -0.354740,39.478140 -0.353997,39.479539 -0.352220,39.480944 -0.351352,39.481505 -0.342909,39.486994 -0.343865,39.487250 -0.344057,39.487646 -0.345200,39.488005 -0.346720,39.488363 -0.347205,39.488447 -0.349269,39.488618 -0.350315,39.488809 -0.350973,39.488592"
"219";"204029";"39.470966";"-0.367692";"-0.369137,39.471531 -0.366576,39.467984 -0.366901,39.467831 -0.366548,39.467320 -0.363194,39.468824 -0.364163,39.470869 -0.366247,39.473862 -0.367661,39.473589 -0.368971,39.472856 -0.368456,39.472116 -0.369137,39.471531"
"219";"204030";"39.467457";"-0.374223";"-0.376067,39.465978 -0.374562,39.465664 -0.373752,39.464939 -0.373106,39.465216 -0.370272,39.464739 -0.370445,39.464987 -0.372901,39.468482 -0.371123,39.469737 -0.372465,39.469775 -0.372448,39.470337 -0.373967,39.470389 -0.375968,39.470350 -0.376703,39.470156 -0.377140,39.467578 -0.376518,39.467424 -0.376860,39.466441 -0.376067,39.465978"
"219";"204031";"39.463322";"-0.366580";"-0.367309,39.466305 -0.370444,39.464987 -0.370272,39.464739 -0.367920,39.461437 -0.367287,39.460520 -0.366323,39.460938 -0.362510,39.462544 -0.365074,39.463128 -0.367309,39.466305"
"219";"204032";"39.460033";"-0.375632";"-0.372086,39.459661 -0.374598,39.463231 -0.375941,39.462655 -0.375548,39.462074 -0.378648,39.460792 -0.376471,39.457833 -0.372086,39.459661"
"219";"204033";"39.468899";"-0.370524";"-0.369138,39.471531 -0.369314,39.471351 -0.370284,39.471685 -0.371032,39.470296 -0.372448,39.470337 -0.372465,39.469775 -0.371123,39.469738 -0.372901,39.468482 -0.370445,39.464987 -0.367308,39.466306 -0.366172,39.466781 -0.366549,39.467320 -0.366901,39.467831 -0.366576,39.467984 -0.369138,39.471531"
"219";"204034";"39.462681";"-0.371963";"-0.367920,39.461437 -0.370272,39.464739 -0.373106,39.465215 -0.373752,39.464939 -0.374521,39.464611 -0.373830,39.463390 -0.374598,39.463231 -0.372085,39.459661 -0.367920,39.461437"
"219";"204035";"39.464016";"-0.376088";"-0.375548,39.462074 -0.375941,39.462655 -0.374596,39.463232 -0.373830,39.463390 -0.374521,39.464611 -0.373752,39.464939 -0.374562,39.465664 -0.376067,39.465978 -0.376860,39.466440 -0.378031,39.463196 -0.378934,39.460705 -0.378648,39.460792 -0.375548,39.462074"
"219";"204666";"39.465088";"-0.363114";"-0.367308,39.466306 -0.365074,39.463128 -0.362510,39.462544 -0.361248,39.463053 -0.359972,39.463369 -0.363194,39.468824 -0.366548,39.467319 -0.366172,39.466780 -0.367308,39.466306"
"219";"219148";"39.466900";"-0.400558";"-0.395370,39.467930 -0.399678,39.468740 -0.402748,39.469255 -0.403532,39.466784 -0.406167,39.467243 -0.405838,39.463570 -0.400855,39.463752 -0.400904,39.464708 -0.400435,39.466222 -0.394695,39.465229 -0.394482,39.465422 -0.395401,39.467661 -0.395370,39.467930"
"219";"219149";"39.473782";"-0.398923";"-0.397342,39.472183 -0.396850,39.472386 -0.396736,39.473809 -0.395313,39.474053 -0.395296,39.474285 -0.396352,39.475729 -0.405871,39.473878 -0.405554,39.472514 -0.403023,39.472466 -0.401558,39.472630 -0.397387,39.471297 -0.397342,39.472183"
"219";"219150";"39.468746";"-0.404304";"-0.403532,39.466784 -0.402749,39.469255 -0.405719,39.469842 -0.406167,39.467242 -0.403532,39.466784"
"219";"219151";"39.470043";"-0.400884";"-0.405225,39.471095 -0.405718,39.469842 -0.402748,39.469255 -0.399679,39.468740 -0.395370,39.467930 -0.395187,39.468315 -0.394472,39.470535 -0.397387,39.471297 -0.401559,39.472630 -0.403023,39.472465 -0.405554,39.472513 -0.405225,39.471095"
"219";"219152";"39.464165";"-0.398795";"-0.400435,39.466221 -0.400904,39.464708 -0.400854,39.463752 -0.396040,39.463967 -0.394695,39.465229 -0.400435,39.466221"
"219";"219154";"39.462837";"-0.404780";"-0.399884,39.460425 -0.400765,39.461671 -0.400854,39.463752 -0.405838,39.463570 -0.404167,39.460723 -0.402486,39.458061 -0.399884,39.460425"
"219";"219155";"39.461403";"-0.400971";"-0.396039,39.463967 -0.400854,39.463752 -0.400765,39.461671 -0.399884,39.460425 -0.402486,39.458061 -0.399713,39.453484 -0.397244,39.455483 -0.396101,39.456281 -0.396005,39.456492 -0.394854,39.457439 -0.394535,39.457770 -0.394201,39.458166 -0.393194,39.459046 -0.397324,39.462826 -0.396039,39.463967"
"219";"219159";"39.465603";"-0.408430";"-0.409863,39.464973 -0.410182,39.464657 -0.410022,39.463103 -0.417812,39.462797 -0.414761,39.459037 -0.411013,39.458172 -0.407589,39.459294 -0.406974,39.459631 -0.406666,39.459510 -0.405577,39.459920 -0.405716,39.460147 -0.404168,39.460723 -0.405838,39.463570 -0.406168,39.467242 -0.406548,39.467474 -0.410150,39.467256 -0.409863,39.464973"
"219";"220156";"39.474991";"-0.417422";"-0.410478,39.473362 -0.410277,39.474075 -0.408571,39.474966 -0.409043,39.477748 -0.410578,39.481279 -0.416795,39.482986 -0.418346,39.479243 -0.418466,39.478661 -0.420033,39.478972 -0.421197,39.476794 -0.421556,39.476726 -0.422114,39.475207 -0.417859,39.473814 -0.413275,39.472278 -0.410478,39.473362"
"219";"220157";"39.471767";"-0.420314";"-0.428473,39.477410 -0.423022,39.469941 -0.421670,39.469750 -0.421655,39.470558 -0.420607,39.470953 -0.420417,39.471520 -0.419321,39.471165 -0.418401,39.472945 -0.417859,39.473814 -0.422114,39.475207 -0.421557,39.476726 -0.426276,39.478655 -0.428473,39.477410"
"219";"220158";"39.477886";"-0.420636";"-0.420034,39.478973 -0.418466,39.478661 -0.418346,39.479243 -0.416795,39.482986 -0.420781,39.484828 -0.423538,39.482501 -0.426277,39.478655 -0.421557,39.476727 -0.421197,39.476794 -0.420034,39.478973"
"219";"220160";"39.467342";"-0.415634";"-0.417812,39.462797 -0.410022,39.463103 -0.410182,39.464657 -0.409863,39.464973 -0.410150,39.467256 -0.410474,39.469730 -0.412678,39.469583 -0.422434,39.468876 -0.417812,39.462797"
"219";"220161";"39.470795";"-0.417048";"-0.422434,39.468877 -0.412678,39.469583 -0.412767,39.471078 -0.412449,39.471172 -0.412154,39.471362 -0.411639,39.471869 -0.413276,39.472277 -0.417859,39.473814 -0.418400,39.472946 -0.419321,39.471165 -0.420417,39.471520 -0.420607,39.470953 -0.421655,39.470558 -0.421670,39.469750 -0.423022,39.469940 -0.422434,39.468877"
"219";"220162";"39.472660";"-0.409359";"-0.407683,39.474034 -0.408571,39.474966 -0.410277,39.474075 -0.410478,39.473362 -0.413276,39.472278 -0.411639,39.471869 -0.412154,39.471362 -0.412449,39.471172 -0.412767,39.471078 -0.412678,39.469583 -0.410474,39.469731 -0.405719,39.469842 -0.405225,39.471095 -0.405554,39.472514 -0.405872,39.473878 -0.407683,39.474034"
"219";"222181";"39.449345";"-0.386060";"-0.387303,39.444075 -0.385498,39.443775 -0.384847,39.443679 -0.385236,39.442331 -0.384288,39.442396 -0.382701,39.442587 -0.382363,39.443065 -0.383644,39.444350 -0.383948,39.446340 -0.382949,39.449534 -0.381566,39.453184 -0.381464,39.453534 -0.384349,39.454057 -0.384391,39.453841 -0.384537,39.453860 -0.385380,39.454090 -0.385918,39.454329 -0.386272,39.454584 -0.386656,39.455024 -0.386653,39.455223 -0.386950,39.455356 -0.387028,39.455695 -0.387066,39.455987 -0.386969,39.457528 -0.387310,39.457077 -0.387808,39.456761 -0.388442,39.456576 -0.390407,39.456476 -0.388836,39.455625 -0.387244,39.454891 -0.388500,39.453221 -0.388930,39.451276 -0.390168,39.451440 -0.390827,39.451223 -0.393215,39.452251 -0.394851,39.449811 -0.392603,39.447978 -0.391232,39.447686 -0.385812,39.447820 -0.387303,39.444075"
"219";"222182";"39.435394";"-0.390756";"-0.403882,39.449744 -0.414248,39.436026 -0.409176,39.436165 -0.402484,39.436722 -0.402630,39.435525 -0.402231,39.431212 -0.401658,39.427753 -0.399784,39.427777 -0.398558,39.428420 -0.397296,39.428470 -0.397007,39.427880 -0.395814,39.427760 -0.395815,39.427318 -0.394012,39.427137 -0.391021,39.426753 -0.390510,39.427969 -0.389114,39.433633 -0.388009,39.433231 -0.386811,39.437302 -0.385237,39.442331 -0.384848,39.443678 -0.385498,39.443775 -0.386454,39.442910 -0.387423,39.442307 -0.389414,39.441655 -0.391273,39.441480 -0.393252,39.441757 -0.395206,39.442340 -0.397128,39.443229 -0.399392,39.444634 -0.400686,39.445712 -0.402107,39.447284 -0.403882,39.449744"
"219";"222183";"39.453651";"-0.407306";"-0.425156,39.441551 -0.424299,39.439529 -0.423512,39.438313 -0.422396,39.436707 -0.420508,39.435209 -0.418814,39.435581 -0.414248,39.436026 -0.403883,39.449745 -0.402060,39.451507 -0.399713,39.453484 -0.402486,39.458060 -0.404168,39.460722 -0.405715,39.460147 -0.405576,39.459920 -0.406666,39.459510 -0.406974,39.459631 -0.407589,39.459293 -0.411013,39.458172 -0.414762,39.459036 -0.415626,39.455005 -0.416100,39.454822 -0.415883,39.453888 -0.416972,39.453308 -0.419420,39.452623 -0.420178,39.451824 -0.421797,39.451674 -0.422698,39.451457 -0.423363,39.451585 -0.424305,39.451328 -0.425689,39.451714 -0.426019,39.452227 -0.429514,39.451969 -0.431940,39.451328 -0.430277,39.449533 -0.428342,39.446581 -0.428877,39.445535 -0.426737,39.443841 -0.425156,39.441551"
"219";"222184";"39.463001";"-0.392177";"-0.390482,39.467081 -0.391956,39.464818 -0.392177,39.464372 -0.392246,39.464114 -0.396039,39.463967 -0.397324,39.462826 -0.393194,39.459046 -0.392896,39.459320 -0.393150,39.459503 -0.393059,39.460355 -0.392573,39.460511 -0.392347,39.460398 -0.391439,39.461363 -0.390730,39.460973 -0.387791,39.462314 -0.388026,39.462622 -0.388352,39.462854 -0.387428,39.463273 -0.390220,39.467184 -0.390482,39.467081"
"219";"222185";"39.454674";"-0.382266";"-0.386969,39.457529 -0.387065,39.455986 -0.387027,39.455695 -0.386949,39.455356 -0.386653,39.455223 -0.386656,39.455024 -0.386272,39.454583 -0.385919,39.454329 -0.385380,39.454090 -0.384536,39.453860 -0.384392,39.453841 -0.384349,39.454057 -0.381463,39.453534 -0.380895,39.455373 -0.381504,39.455547 -0.382023,39.455892 -0.382521,39.456443 -0.384001,39.458493 -0.384315,39.458475 -0.385529,39.460200 -0.385707,39.460242 -0.386853,39.459091 -0.386969,39.457529"
"219";"222186";"39.443943";"-0.391621";"-0.403882,39.449745 -0.402107,39.447285 -0.400686,39.445712 -0.399391,39.444634 -0.397128,39.443229 -0.395205,39.442341 -0.393252,39.441757 -0.391273,39.441480 -0.389414,39.441655 -0.387424,39.442307 -0.386455,39.442910 -0.385498,39.443775 -0.387305,39.444073 -0.385813,39.447820 -0.391230,39.447685 -0.392604,39.447978 -0.394851,39.449811 -0.399713,39.453483 -0.402060,39.451507 -0.403882,39.449745"
"219";"222187";"39.459648";"-0.388459";"-0.393194,39.459046 -0.394201,39.458166 -0.394537,39.457768 -0.394853,39.457439 -0.396005,39.456492 -0.395593,39.456140 -0.394734,39.456254 -0.390407,39.456476 -0.388441,39.456576 -0.387808,39.456761 -0.387310,39.457077 -0.386969,39.457529 -0.386853,39.459091 -0.385707,39.460242 -0.386066,39.460646 -0.385921,39.460839 -0.386877,39.462191 -0.386757,39.462342 -0.387428,39.463273 -0.388351,39.462853 -0.388025,39.462622 -0.387791,39.462314 -0.390731,39.460973 -0.391439,39.461363 -0.392347,39.460397 -0.392573,39.460511 -0.393059,39.460355 -0.393150,39.459503 -0.392896,39.459319 -0.393194,39.459046"
"219";"222188";"39.451851";"-0.393500";"-0.399712,39.453483 -0.394851,39.449811 -0.393215,39.452251 -0.390827,39.451223 -0.390169,39.451440 -0.388930,39.451276 -0.388501,39.453221 -0.387244,39.454891 -0.388836,39.455624 -0.390407,39.456476 -0.394733,39.456254 -0.395593,39.456140 -0.396005,39.456492 -0.396101,39.456281 -0.397242,39.455484 -0.399712,39.453483"
"219";"223190";"39.450348";"-0.372880";"-0.373549,39.453719 -0.373666,39.453454 -0.375894,39.452496 -0.376134,39.452611 -0.378610,39.452759 -0.381565,39.453183 -0.382949,39.449534 -0.376584,39.448742 -0.373796,39.448777 -0.374880,39.441793 -0.369512,39.441216 -0.368917,39.445713 -0.368811,39.446229 -0.369421,39.447778 -0.371052,39.450158 -0.373549,39.453719"
"219";"223192";"39.461777";"-0.362856";"-0.359972,39.463369 -0.361248,39.463053 -0.362510,39.462544 -0.366323,39.460938 -0.363843,39.457451 -0.361625,39.460158 -0.358775,39.461266 -0.359972,39.463369"
"219";"223193";"39.453384";"-0.370788";"-0.371051,39.450158 -0.365338,39.452576 -0.367141,39.455076 -0.370503,39.455737 -0.371666,39.454803 -0.373549,39.453719 -0.371051,39.450158"
"219";"223194";"39.447720";"-0.379809";"-0.383947,39.446341 -0.383644,39.444350 -0.382363,39.443065 -0.380273,39.442339 -0.374881,39.441793 -0.373796,39.448777 -0.376584,39.448741 -0.382949,39.449534 -0.383947,39.446341"
"219";"223195";"39.459892";"-0.360346";"-0.356517,39.459024 -0.357777,39.459942 -0.358775,39.461265 -0.361625,39.460158 -0.363843,39.457450 -0.361509,39.454150 -0.356219,39.456388 -0.354596,39.457666 -0.356517,39.459024"
"219";"223196";"39.444355";"-0.366382";"-0.360708,39.434661 -0.344866,39.428944 -0.343166,39.431442 -0.343064,39.432113 -0.343526,39.434616 -0.343650,39.436606 -0.343657,39.439198 -0.342026,39.440032 -0.341020,39.441353 -0.340676,39.443046 -0.340784,39.444210 -0.347436,39.448905 -0.347879,39.448371 -0.348169,39.447696 -0.349725,39.448399 -0.350019,39.448318 -0.350743,39.447870 -0.350689,39.447600 -0.351167,39.446657 -0.351499,39.446716 -0.351982,39.446292 -0.352331,39.445764 -0.352895,39.444954 -0.353652,39.444080 -0.357582,39.444521 -0.358279,39.445589 -0.358828,39.446381 -0.360041,39.447908 -0.361251,39.449168 -0.368810,39.446228 -0.368915,39.445713 -0.369510,39.441216 -0.374881,39.441792 -0.380274,39.442338 -0.382363,39.443065 -0.382701,39.442587 -0.384288,39.442395 -0.385236,39.442330 -0.386811,39.437302 -0.360708,39.434661"
"219";"223197";"39.456268";"-0.373198";"-0.372086,39.459660 -0.376470,39.457832 -0.373550,39.453720 -0.371666,39.454805 -0.370503,39.455738 -0.370453,39.457020 -0.370888,39.457009 -0.370853,39.457548 -0.371293,39.458128 -0.371215,39.458827 -0.371427,39.458760 -0.372086,39.459660"
"219";"223198";"39.453983";"-0.375398";"-0.380895,39.455373 -0.381463,39.453535 -0.381565,39.453184 -0.378610,39.452759 -0.376134,39.452611 -0.375894,39.452496 -0.373666,39.453454 -0.373550,39.453719 -0.376471,39.457833 -0.378648,39.460791 -0.378934,39.460705 -0.380895,39.455373"
"219";"223200";"39.448715";"-0.367619";"-0.350019,39.448318 -0.351142,39.448913 -0.350805,39.449387 -0.351650,39.449887 -0.349841,39.450617 -0.349927,39.454685 -0.354596,39.457665 -0.356218,39.456388 -0.361509,39.454149 -0.365338,39.452575 -0.371051,39.450158 -0.369420,39.447777 -0.368810,39.446228 -0.361250,39.449169 -0.360039,39.447908 -0.358828,39.446381 -0.358279,39.445591 -0.357582,39.444522 -0.353653,39.444081 -0.352895,39.444955 -0.352331,39.445763 -0.351982,39.446292 -0.351499,39.446716 -0.351168,39.446657 -0.350689,39.447600 -0.350744,39.447870 -0.350019,39.448318"
"219";"416245";"39.664246 ";"-0.213297 ";"-0.208916,39.659915 -0.211363,39.660939 -0.213159,39.661758 -0.213329,39.661806 -0.213584,39.66189 -0.215004,39.66251 -0.215598,39.662788 -0.218487,39.663975 -0.218598,39.663977 -0.218962,39.669158 -0.219332,39.674535 -0.215673,39.674068 -0.21365,39.673353 -0.212595,39.672913 -0.211328,39.67255 -0.210086,39.672421 -0.208338,39.672388 -0.207007,39.672446 -0.206053,39.672405 -0.204333,39.671994 -0.203719,39.671809 -0.203644,39.671716 -0.203639,39.671563 -0.203856,39.671091 -0.204284,39.670299 -0.205082,39.669021 -0.20544,39.668516 -0.205906,39.667951 -0.20611,39.667533 -0.206386,39.666756 -0.206455,39.666469 -0.20651,39.666263 -0.206566,39.666048 -0.206655,39.665852 -0.206768,39.665666 -0.207058,39.665402 -0.207346,39.665202 -0.207539,39.665045 -0.207674,39.664868 -0.207798,39.664673 -0.207914,39.664414 -0.208072,39.66395 -0.208149,39.66378 -0.208257,39.663422 -0.208289,39.663189 -0.208347,39.662911 -0.20839,39.662714 -0.208422,39.662499 -0.208481,39.662185 -0.208553,39.661862 -0.208607,39.661656 -0.208662,39.661459 -0.208708,39.66119 -0.208764,39.660948 -0.2088,39.660625 -0.208831,39.660446 -0.208874,39.660248 -0.208916,39.659915 "
"219";"416246";"39.658585 ";"-0.221137 ";"-0.208916,39.659915 -0.208925,39.659844 -0.208969,39.659611 -0.209001,39.659414 -0.209045,39.65918 -0.209092,39.658884 -0.20914,39.658264 -0.209184,39.65804 -0.20923,39.65778 -0.209277,39.657465 -0.209301,39.657169 -0.209333,39.656944 -0.20939,39.656693 -0.209438,39.65637 -0.20947,39.656146 -0.20949,39.655948 -0.209533,39.655733 -0.209601,39.6555 -0.209602,39.655176 -0.209589,39.654924 -0.209615,39.654573 -0.20967,39.654367 -0.209667,39.654142 -0.205971,39.652467 -0.205934,39.652232 -0.205796,39.652166 -0.205801,39.652058 -0.205962,39.652116 -0.206012,39.648541 -0.208823,39.646735 -0.208119,39.643691 -0.208146,39.643295 -0.208229,39.64327 -0.208368,39.643282 -0.208554,39.643296 -0.209441,39.647894 -0.209805,39.649569 -0.210049,39.650169 -0.210514,39.651045 -0.210972,39.652128 -0.210992,39.652219 -0.210907,39.652298 -0.210802,39.652295 -0.210723,39.65223 -0.210703,39.652158 -0.210761,39.65215 -0.210266,39.651129 -0.21015,39.651118 -0.209951,39.651158 -0.209401,39.652352 -0.209524,39.65249 -0.209589,39.652626 -0.209597,39.652708 -0.209722,39.652792 -0.211607,39.653729 -0.21162,39.653702 -0.211677,39.653731 -0.211724,39.653705 -0.215239,39.655267 -0.215448,39.654992 -0.215735,39.655116 -0.219352,39.650348 -0.213554,39.647623 -0.213664,39.647482 -0.213683,39.647302 -0.213831,39.647107 -0.213816,39.646882 -0.213637,39.646697 -0.213808,39.646503 -0.214085,39.646573 -0.214359,39.646715 -0.214623,39.646829 -0.214954,39.64699 -0.215227,39.647168 -0.215433,39.647254 -0.215732,39.647351 -0.215994,39.647204 -0.216188,39.647011 -0.216385,39.646745 -0.216497,39.646586 -0.216669,39.646356 -0.216817,39.646161 -0.217092,39.645978 -0.217086,39.646131 -0.217363,39.646183 -0.217728,39.646111 -0.218027,39.64592 -0.218314,39.645728 -0.21858,39.645492 -0.21875,39.645324 -0.218933,39.645104 -0.219091,39.644936 -0.219261,39.644787 -0.219443,39.644593 -0.219623,39.644454 -0.219934,39.644263 -0.220231,39.644126 -0.220502,39.644042 -0.22077,39.64404 -0.221025,39.644091 -0.221373,39.644117 -0.221721,39.644171 -0.221965,39.644185 -0.222222,39.644164 -0.222541,39.644055 -0.222795,39.643827 -0.222941,39.643668 -0.223077,39.643473 -0.223347,39.643408 -0.223442,39.643365 -0.223705,39.6432 -0.223982,39.642972 -0.224163,39.642833 -0.224366,39.642693 -0.224641,39.642538 -0.224926,39.6424 -0.225292,39.642265 -0.225517,39.64218 -0.225802,39.642061 -0.226026,39.641976 -0.226343,39.641921 -0.226556,39.641836 -0.226772,39.641688 -0.227037,39.64146 -0.227208,39.641266 -0.227378,39.641108 -0.227571,39.640932 -0.227728,39.640792 -0.22798,39.640609 -0.228243,39.640435 -0.228423,39.640313 -0.22865,39.640165 -0.228936,39.64001 -0.229141,39.639844 -0.229368,39.639696 -0.229562,39.639512 -0.22985,39.639293 -0.230066,39.639154 -0.230291,39.639051 -0.230611,39.638924 -0.230966,39.638788 -0.231203,39.638686 -0.231464,39.638575 -0.231749,39.638438 -0.231962,39.638335 -0.232189,39.638196 -0.232513,39.637969 -0.232661,39.637766 -0.232885,39.63769 -0.23314,39.637732 -0.233423,39.63764 -0.233758,39.637432 -0.23383,39.637361 -0.23389,39.637336 -0.233961,39.637301 -0.234253,39.637281 -0.234488,39.637233 -0.234747,39.637176 -0.235041,39.637111 -0.235311,39.637054 -0.235581,39.636989 -0.235863,39.636932 -0.236157,39.636858 -0.236393,39.636801 -0.227706,39.655345 -0.226234,39.657253 -0.225512,39.658191 -0.225482,39.658225 -0.225487,39.658429 -0.225246,39.658718 -0.223846,39.660271 -0.223725,39.660204 -0.223013,39.660985 -0.221962,39.660433 -0.220989,39.661508 -0.220107,39.662517 -0.218723,39.663979 -0.218598,39.663977 -0.218487,39.663975 -0.215598,39.662788 -0.215004,39.66251 -0.213584,39.66189 -0.213329,39.661806 -0.213159,39.661758 -0.211363,39.660939 -0.208916,39.659915"
"219";"416249";"39.672081 ";"-0.239769 ";"-0.240098,39.663808 -0.250393,39.667501 -0.248618,39.670944 -0.248145,39.671652 -0.248228,39.672123 -0.248888,39.672295 -0.24835,39.675659 -0.248889,39.675843 -0.25366,39.677441 -0.255397,39.67803 -0.258351,39.678521 -0.259967,39.678575 -0.261162,39.678541 -0.264019,39.678421 -0.264158,39.678502 -0.264521,39.678526 -0.265956,39.679076 -0.267391,39.67961 -0.268042,39.680047 -0.269187,39.680246 -0.272648,39.681234 -0.273883,39.681453 -0.26329,39.716586 -0.263868,39.718194 -0.264612,39.719139 -0.264537,39.719273 -0.26435,39.719584 -0.263899,39.720059 -0.26329,39.720414 -0.262816,39.72061 -0.262502,39.720297 -0.261546,39.720562 -0.261371,39.720865 -0.261041,39.720938 -0.260457,39.720969 -0.260064,39.720879 -0.259797,39.721422 -0.260001,39.721868 -0.260168,39.722088 -0.260922,39.722773 -0.259916,39.722848 -0.258211,39.722592 -0.25771,39.722589 -0.257674,39.722318 -0.257141,39.722224 -0.257011,39.722554 -0.256238,39.722635 -0.255769,39.722696 -0.255301,39.72273 -0.255098,39.722842 -0.255066,39.723067 -0.25572,39.724217 -0.255704,39.72464 -0.255577,39.725187 -0.255615,39.725395 -0.255856,39.7255 -0.25599,39.725656 -0.256002,39.726836 -0.255875,39.726797 -0.25396,39.726247 -0.252845,39.725834 -0.253211,39.724824 -0.24887,39.722803 -0.24807,39.722405 -0.247197,39.72206 -0.246923,39.721901 -0.246443,39.721655 -0.245411,39.720901 -0.244739,39.721966 -0.243088,39.721251 -0.242202,39.721518 -0.241942,39.721602 -0.240826,39.721215 -0.239744,39.720847 -0.239123,39.720643 -0.239011,39.720812 -0.238393,39.72168 -0.237542,39.721371 -0.236831,39.722237 -0.236313,39.722054 -0.235852,39.722799 -0.235074,39.722412 -0.234712,39.723304 -0.23445,39.723442 -0.234109,39.723497 -0.232453,39.72407 -0.231157,39.723534 -0.230858,39.723419 -0.22996,39.723118 -0.229159,39.723027 -0.224722,39.72284 -0.223627,39.722516 -0.222927,39.722509 -0.222417,39.722424 -0.221928,39.722124 -0.221614,39.721811 -0.221259,39.721631 -0.215847,39.719609 -0.208454,39.717243 -0.206918,39.716854 -0.20512,39.716307 -0.203236,39.715892 -0.199902,39.714686 -0.198879,39.714327 -0.197844,39.713969 -0.196992,39.713687 -0.196961,39.714461 -0.197041,39.714788 -0.19706,39.714878 -0.197305,39.715452 -0.197526,39.715763 -0.197735,39.716083 -0.198192,39.716608 -0.201712,39.720125 -0.205919,39.721371 -0.206105,39.721393 -0.208193,39.721669 -0.21089,39.722202 -0.223126,39.725684 -0.223612,39.725219 -0.224286,39.724406 -0.22472,39.724056 -0.224942,39.724043 -0.225346,39.724152 -0.226851,39.724738 -0.227683,39.724938 -0.228703,39.725088 -0.229724,39.725527 -0.230331,39.725803 -0.231154,39.726237 -0.2335,39.726779 -0.233914,39.726933 -0.234074,39.727 -0.234325,39.72715 -0.23411,39.727559 -0.23264,39.729614 -0.231979,39.7304 -0.231421,39.731225 -0.230945,39.73115 -0.230699,39.731189 -0.230395,39.731479 -0.230074,39.731652 -0.229736,39.731635 -0.229483,39.731539 -0.22892,39.731327 -0.228044,39.730757 -0.226859,39.73035 -0.226374,39.730221 -0.22515,39.729913 -0.220927,39.72874 -0.217856,39.727954 -0.217374,39.727754 -0.216571,39.727122 -0.216108,39.727039 -0.215536,39.727043 -0.213505,39.727363 -0.212842,39.7276 -0.211748,39.728123 -0.207004,39.726279 -0.203229,39.724729 -0.200734,39.723822 -0.199105,39.723143 -0.196931,39.722397 -0.195887,39.721372 -0.195607,39.721959 -0.195765,39.722657 -0.195763,39.72272 -0.19567,39.723285 -0.195604,39.724338 -0.188538,39.721951 -0.188502,39.721938 -0.188577,39.72187 -0.188669,39.7219 -0.188778,39.721803 -0.188853,39.721661 -0.188963,39.721267 -0.189076,39.721063 -0.189145,39.720812 -0.189251,39.720788 -0.189366,39.720809 -0.189572,39.720904 -0.189655,39.72087 -0.189853,39.720604 -0.190217,39.719973 -0.190299,39.71966 -0.190344,39.71885 -0.190606,39.717848 -0.190827,39.717295 -0.191134,39.716347 -0.191395,39.715651 -0.191649,39.715162 -0.191905,39.714294 -0.192097,39.713893 -0.192364,39.713044 -0.19248,39.712786 -0.192709,39.712025 -0.192796,39.711883 -0.192867,39.711876 -0.192936,39.711878 -0.1931,39.711864 -0.193244,39.711759 -0.193344,39.711608 -0.193747,39.710294 -0.194926,39.707097 -0.196078,39.704279 -0.196451,39.703135 -0.196654,39.702743 -0.197105,39.701097 -0.197238,39.700703 -0.197454,39.700249 -0.197937,39.698693 -0.197984,39.698397 -0.198188,39.69797 -0.198353,39.697343 -0.198903,39.695573 -0.199608,39.692842 -0.199738,39.692512 -0.199724,39.691998 -0.200343,39.689086 -0.200816,39.687196 -0.201148,39.685306 -0.201404,39.685346 -0.202562,39.685527 -0.204847,39.686122 -0.205408,39.686379 -0.206684,39.686527 -0.209364,39.687141 -0.209568,39.687002 -0.209974,39.687048 -0.21328,39.688064 -0.213434,39.688005 -0.213724,39.687732 -0.216729,39.68839 -0.216996,39.688423 -0.217669,39.688512 -0.21987,39.689159 -0.220675,39.689439 -0.223651,39.688195 -0.226226,39.68941 -0.22711,39.688584 -0.228228,39.687755 -0.228364,39.68756 -0.229281,39.685024 -0.229385,39.684171 -0.22972,39.684269 -0.229819,39.684109 -0.230844,39.682386 -0.231513,39.682267 -0.231988,39.681179 -0.232527,39.680246 -0.232649,39.680114 -0.23292,39.68003 -0.233677,39.680345 -0.234668,39.680342 -0.235094,39.68019 -0.235781,39.679612 -0.236967,39.679703 -0.237536,39.678582 -0.234109,39.677707 -0.232473,39.677202 -0.232997,39.67618 -0.235129,39.671918 -0.235543,39.671006 -0.236528,39.669133 -0.237088,39.668102 -0.238447,39.666206 -0.24009,39.663815 -0.240098,39.663808"
"219";"416247";"39.667904 ";"-0.234506 ";"-0.225573,39.675484 -0.227898,39.669547 -0.2283,39.669034 -0.230382,39.665927 -0.2306,39.665657 -0.230906,39.665292 -0.231506,39.664573 -0.231512,39.664367 -0.232277,39.663577 -0.234203,39.661663 -0.234617,39.660954 -0.252112,39.622923 -0.252314,39.622801 -0.252554,39.622645 -0.252688,39.622477 -0.252847,39.622291 -0.253088,39.622081 -0.253257,39.62195 -0.253463,39.62173 -0.253681,39.621518 -0.253815,39.621368 -0.253962,39.62121 -0.254132,39.621034 -0.254326,39.620822 -0.254509,39.62061 -0.254729,39.620354 -0.2549,39.620151 -0.25506,39.619939 -0.255183,39.619788 -0.255317,39.619629 -0.255464,39.619435 -0.255602,39.619204 -0.255727,39.61899 -0.255863,39.618786 -0.256023,39.618565 -0.256134,39.618396 -0.256246,39.618237 -0.256393,39.618051 -0.256527,39.617883 -0.256663,39.617706 -0.256845,39.617512 -0.25706,39.617373 -0.257097,39.61732 -0.257281,39.61709 -0.257453,39.616869 -0.2576,39.616674 -0.257737,39.616462 -0.257885,39.616249 -0.258045,39.616036 -0.258168,39.615859 -0.258305,39.615637 -0.258467,39.61538 -0.258579,39.615184 -0.258831,39.61501 -0.258969,39.614981 -0.25997,39.61564 -0.2607,39.614856 -0.262741,39.614499 -0.268464,39.613507 -0.246891,39.659097 -0.242591,39.661697 -0.24009,39.663815 -0.238447,39.666206 -0.237088,39.668102 -0.236528,39.669133 -0.235543,39.671006 -0.235129,39.671918 -0.232997,39.67618 -0.232473,39.677202 -0.231518,39.676907 -0.229102,39.676092 -0.227716,39.67578 -0.225573,39.675484"
"219";"416251";"39.660660 ";"-0.226782 ";"-0.223013,39.660985 -0.223725,39.660204 -0.223846,39.660271 -0.225246,39.658718 -0.225487,39.658429 -0.225482,39.658225 -0.225512,39.658191 -0.226234,39.657253 -0.227706,39.655345 -0.236393,39.636801 -0.236701,39.636664 -0.236951,39.636535 -0.237189,39.636396 -0.237404,39.636284 -0.237594,39.636172 -0.237882,39.635962 -0.238218,39.635736 -0.238518,39.635518 -0.238699,39.63536 -0.239035,39.635107 -0.239193,39.634949 -0.239459,39.634694 -0.239642,39.6345 -0.239849,39.634262 -0.240043,39.634086 -0.240238,39.633847 -0.240408,39.63368 -0.240604,39.633451 -0.24075,39.633283 -0.240897,39.633106 -0.241066,39.632948 -0.241297,39.63272 -0.241502,39.632535 -0.241696,39.632342 -0.241962,39.632105 -0.242311,39.631816 -0.242541,39.631614 -0.242782,39.631413 -0.242951,39.631263 -0.243097,39.631105 -0.243257,39.630883 -0.243406,39.630662 -0.243554,39.630449 -0.243677,39.63029 -0.243882,39.630105 -0.244133,39.62994 -0.244406,39.629812 -0.244703,39.629666 -0.244953,39.629545 -0.245251,39.629381 -0.245465,39.62926 -0.245787,39.62907 -0.246074,39.628887 -0.246347,39.62875 -0.24661,39.628603 -0.246755,39.628453 -0.246962,39.628242 -0.247096,39.628092 -0.247277,39.627925 -0.247557,39.627625 -0.247819,39.627487 -0.247976,39.627338 -0.248194,39.627118 -0.248414,39.626871 -0.24856,39.626721 -0.248769,39.626429 -0.248966,39.626172 -0.249185,39.625925 -0.249428,39.62567 -0.249645,39.625495 -0.24979,39.625354 -0.250032,39.625144 -0.250202,39.624967 -0.250396,39.624774 -0.250736,39.624413 -0.250908,39.624191 -0.25108,39.623979 -0.251214,39.62382 -0.251372,39.623644 -0.25152,39.62344 -0.251703,39.623237 -0.251908,39.623053 -0.252112,39.622923 -0.234617,39.660954 -0.234203,39.661663 -0.232277,39.663577 -0.231512,39.664367 -0.231506,39.664573 -0.230906,39.665292 -0.2306,39.665657 -0.227472,39.663358 -0.226091,39.662627 -0.225329,39.662227 -0.225132,39.662125 -0.224951,39.662023 -0.224195,39.66162 -0.223013,39.660985"
"219";"416250";"39.662369";"-0.222594";"-0.219332,39.674535 -0.218962,39.669158 -0.218598,39.663977 -0.218723,39.663979 -0.220107,39.662517 -0.220989,39.661508 -0.221962,39.660433 -0.223013,39.660985 -0.224195,39.66162 -0.224951,39.662023 -0.225132,39.662125 -0.225329,39.662227 -0.226091,39.662627 -0.227472,39.663358 -0.2306,39.665657 -0.230382,39.665927 -0.2283,39.669034 -0.227898,39.669547 -0.225573,39.675484 -0.223612,39.675214 -0.22168,39.674834 -0.219332,39.674535 "
"219";"416265";"39.676823 ";"-0.272744 ";"-0.273883,39.681453 -0.272648,39.681234 -0.269187,39.680246 -0.268042,39.680047 -0.267391,39.67961 -0.265956,39.679076 -0.264521,39.678526 -0.264158,39.678502 -0.264019,39.678421 -0.261162,39.678541 -0.259967,39.678575 -0.258351,39.678521 -0.255397,39.67803 -0.25366,39.677441 -0.248889,39.675843 -0.24835,39.675659 -0.248888,39.672295 -0.248228,39.672123 -0.248145,39.671652 -0.248618,39.670944 -0.250393,39.667501 -0.240098,39.663808 -0.242591,39.661697 -0.246891,39.659097 -0.268464,39.613507 -0.284505,39.622408 -0.285689,39.623064 -0.295743,39.628713 -0.296124,39.628803 -0.297266,39.629091 -0.299619,39.629695 -0.302122,39.63033 -0.308594,39.631975 -0.309355,39.632173 -0.326695,39.636583 -0.316029,39.646377 -0.281901,39.639551 -0.2767,39.67376 -0.276328,39.675555 -0.276166,39.675589 -0.276175,39.675637 -0.276131,39.67564 -0.276146,39.67567 -0.276023,39.676702 -0.275141,39.678138 -0.274891,39.678156 -0.274797,39.678161 -0.274693,39.678172 -0.274513,39.678149 -0.274454,39.678236 -0.274313,39.678207 -0.274155,39.678181 -0.274127,39.67821 -0.273991,39.678147 -0.273866,39.678209 -0.273803,39.678197 -0.273664,39.678284 -0.273868,39.678386 -0.274115,39.678493 -0.274401,39.678656 -0.274346,39.678767 -0.274267,39.67897 -0.274217,39.679075 -0.274202,39.679116 -0.274561,39.679178 -0.274382,39.67953 -0.274246,39.679793 -0.273984,39.680285 -0.273774,39.680686 -0.273845,39.680695 -0.274332,39.680791 -0.273917,39.681337 -0.273883,39.681453 "
"219";"416266";"39.679085 ";"-0.279364 ";"-0.30272,39.790964 -0.297481,39.785185 -0.293487,39.781938 -0.292975,39.781584 -0.289177,39.779306 -0.282363,39.775048 -0.276528,39.770542 -0.276593,39.769192 -0.276462,39.768667 -0.276509,39.767776 -0.276401,39.767539 -0.27621,39.767346 -0.276126,39.767119 -0.276174,39.766777 -0.276093,39.766478 -0.275682,39.765946 -0.275555,39.765619 -0.275603,39.764386 -0.275428,39.764084 -0.274841,39.763602 -0.274181,39.763172 -0.273558,39.762689 -0.272051,39.76123 -0.271764,39.760809 -0.27156,39.760363 -0.271556,39.759886 -0.271803,39.759243 -0.272685,39.758174 -0.272986,39.757658 -0.27317,39.757122 -0.273376,39.755749 -0.273531,39.755365 -0.273705,39.755099 -0.27409,39.755396 -0.274472,39.755495 -0.275801,39.755517 -0.276311,39.75561 -0.277476,39.755953 -0.277808,39.756123 -0.278575,39.756222 -0.279032,39.756152 -0.281059,39.755379 -0.281714,39.755323 -0.282132,39.755387 -0.282565,39.755658 -0.283969,39.756745 -0.284649,39.756977 -0.285388,39.757174 -0.288175,39.757546 -0.289136,39.757722 -0.289598,39.757858 -0.290044,39.758103 -0.290286,39.758478 -0.290555,39.758755 -0.290944,39.758962 -0.29378,39.759839 -0.293974,39.759654 -0.295056,39.759166 -0.296078,39.759001 -0.296446,39.758838 -0.296829,39.758586 -0.297192,39.757955 -0.297496,39.757655 -0.29788,39.757385 -0.298093,39.756696 -0.298358,39.756495 -0.298876,39.756372 -0.299766,39.756312 -0.300495,39.756176 -0.300992,39.755998 -0.301388,39.755728 -0.301826,39.75527 -0.302392,39.754806 -0.303194,39.754293 -0.303838,39.753957 -0.305523,39.753527 -0.306332,39.753447 -0.307088,39.753519 -0.307836,39.753779 -0.308693,39.753952 -0.308963,39.753904 -0.309396,39.753581 -0.310028,39.752938 -0.31042,39.752452 -0.310591,39.751969 -0.310654,39.751529 -0.310594,39.750987 -0.310462,39.75048 -0.31036,39.750108 -0.310947,39.748221 -0.307609,39.743126 -0.306639,39.741662 -0.304091,39.738486 -0.30082,39.734689 -0.301179,39.733563 -0.296677,39.73053 -0.2882,39.730729 -0.288555,39.730296 -0.289586,39.729284 -0.289824,39.729163 -0.290401,39.728447 -0.290635,39.727822 -0.290869,39.727503 -0.291356,39.727001 -0.291606,39.726556 -0.291437,39.726417 -0.29092,39.726216 -0.290666,39.725552 -0.289952,39.724401 -0.287942,39.722723 -0.286749,39.721911 -0.286525,39.721663 -0.286256,39.720792 -0.286027,39.72039 -0.28586,39.719891 -0.285837,39.71898 -0.285505,39.718234 -0.285418,39.717782 -0.285579,39.716632 -0.28532,39.715221 -0.285008,39.714547 -0.284818,39.714335 -0.284145,39.714256 -0.283729,39.714148 -0.283322,39.714102 -0.282643,39.714167 -0.282137,39.714291 -0.281625,39.714558 -0.28113,39.714681 -0.280686,39.714698 -0.280165,39.714596 -0.279393,39.71465 -0.278877,39.714421 -0.278295,39.714408 -0.277704,39.714304 -0.277256,39.714122 -0.276429,39.713517 -0.275898,39.71336 -0.274999,39.712799 -0.273671,39.71247 -0.273039,39.7125 -0.272591,39.712643 -0.271766,39.713155 -0.271233,39.71335 -0.270318,39.71349 -0.269215,39.713933 -0.268308,39.71447 -0.268036,39.714842 -0.267568,39.715191 -0.266916,39.715446 -0.26329,39.716586 -0.273917,39.681337 -0.274332,39.680791 -0.273846,39.680689 -0.273845,39.680695 -0.273843,39.680701 -0.273774,39.680686 -0.273984,39.680285 -0.274246,39.679793 -0.274382,39.67953 -0.274561,39.679178 -0.274202,39.679116 -0.274217,39.679075 -0.274267,39.67897 -0.274346,39.678767 -0.274409,39.67866 -0.274401,39.678656 -0.274393,39.678652 -0.274115,39.678493 -0.273868,39.678386 -0.273664,39.678284 -0.273803,39.678197 -0.273866,39.678209 -0.273991,39.678147 -0.274127,39.67821 -0.274155,39.678181 -0.274313,39.678207 -0.274454,39.678236 -0.274513,39.678149 -0.274693,39.678172 -0.274797,39.678161 -0.274891,39.678156 -0.275141,39.678138 -0.276023,39.676702 -0.276146,39.67567 -0.276131,39.67564 -0.276175,39.675637 -0.276166,39.675589 -0.276328,39.675555 -0.2767,39.67376 -0.281901,39.639551 -0.316029,39.646377 -0.281592,39.677972 -0.281345,39.678794 -0.281318,39.678876 -0.281286,39.679071 -0.281235,39.679181 -0.28119,39.679249 -0.281134,39.679365 -0.281096,39.679522 -0.281065,39.679611 -0.280842,39.679996 -0.280784,39.680027 -0.280742,39.680344 -0.280617,39.680666 -0.280558,39.680741 -0.280655,39.681248 -0.280621,39.681252 -0.280545,39.681803 -0.280521,39.681848 -0.280482,39.682231 -0.280508,39.682335 -0.28052,39.682387 -0.28049,39.682792 -0.316177,39.700661 -0.311132,39.708039 -0.320605,39.717321 -0.32374,39.718006 -0.323649,39.718544 -0.323335,39.719411 -0.323129,39.720226 -0.323599,39.720444 -0.323974,39.720993 -0.324166,39.721466 -0.327159,39.725823 -0.328572,39.728188 -0.328773,39.728427 -0.331564,39.729564 -0.33131,39.730702 -0.330898,39.731998 -0.330647,39.733686 -0.330573,39.735288 -0.330539,39.737386 -0.330393,39.738131 -0.330483,39.738529 -0.330723,39.738652 -0.331638,39.738844 -0.332766,39.738942 -0.333271,39.738845 -0.334467,39.738404 -0.334793,39.738412 -0.335114,39.738554 -0.335385,39.738786 -0.3358,39.739534 -0.336125,39.740794 -0.335927,39.742285 -0.335514,39.743915 -0.335331,39.744424 -0.335385,39.744849 -0.335625,39.745286 -0.336033,39.745611 -0.336982,39.74611 -0.337476,39.74632 -0.338188,39.746318 -0.34029,39.745952 -0.340871,39.745731 -0.341586,39.745342 -0.342177,39.74514 -0.34281,39.745082 -0.345285,39.745661 -0.346735,39.746487 -0.347401,39.74707 -0.348041,39.748021 -0.348255,39.748233 -0.348376,39.748425 -0.348432,39.748796 -0.348287,39.74954 -0.348172,39.749781 -0.347764,39.750087 -0.347358,39.750321 -0.346506,39.750941 -0.346238,39.751214 -0.346008,39.751425 -0.344712,39.753269 -0.344311,39.753981 -0.343917,39.754836 -0.343561,39.755297 -0.342296,39.756619 -0.340275,39.758482 -0.335453,39.762462 -0.330836,39.766544 -0.329014,39.768376 -0.327304,39.77003 -0.326733,39.77063 -0.326465,39.770912 -0.324921,39.772786 -0.323516,39.774114 -0.323218,39.774575 -0.322914,39.774893 -0.321637,39.775899 -0.321274,39.776233 -0.32048,39.777737 -0.320211,39.778343 -0.3201,39.779097 -0.320033,39.779321 -0.31998,39.7795 -0.318819,39.781122 -0.318791,39.781238 -0.318659,39.781641 -0.318282,39.78383 -0.318246,39.784757 -0.318241,39.784892 -0.318798,39.785274 -0.31913,39.785741 -0.319135,39.78621 -0.319103,39.786434 -0.31903,39.786829 -0.319332,39.787755 -0.319346,39.788296 -0.319508,39.788651 -0.319761,39.788738 -0.320228,39.788739 -0.32043,39.788663 -0.320986,39.788478 -0.321772,39.788379 -0.322273,39.788399 -0.323094,39.788607 -0.323888,39.788896 -0.324409,39.789313 -0.324722,39.78969 -0.325129,39.79033 -0.325607,39.790944 -0.326183,39.791453 -0.327229,39.79218 -0.327505,39.792592 -0.327567,39.7928 -0.327808,39.793815 -0.32817,39.794715 -0.328118,39.795155 -0.327972,39.795611 -0.327955,39.796052 -0.328104,39.796434 -0.328381,39.796819 -0.328555,39.797462 -0.328051,39.798415 -0.327912,39.798673 -0.328259,39.801482 -0.32593,39.801302 -0.324384,39.801114 -0.316025,39.79983 -0.308568,39.796991 -0.305969,39.79448 -0.30272,39.790964"
"219";"416267";"39.681232 ";"-0.282245 ";"-0.316029,39.646377 -0.326695,39.636583 -0.343231,39.639854 -0.353378,39.633762 -0.354194,39.633132 -0.367160,39.628562 -0.379368,39.624253 -0.376897,39.627998 -0.376263,39.628759 -0.374444,39.631267 -0.371962,39.63467 -0.364391,39.645039 -0.364121,39.646321 -0.363832,39.648098 -0.363334,39.652636 -0.362986,39.654439 -0.362901,39.656978 -0.363009,39.658413 -0.362998,39.660259 -0.362833,39.663373 -0.362628,39.665683 -0.362429,39.666327 -0.360905,39.665932 -0.360226,39.66571 -0.359552,39.665343 -0.359156,39.665037 -0.358889,39.664697 -0.358539,39.664419 -0.358025,39.664137 -0.356958,39.66368 -0.35796,39.659397 -0.35419,39.658014 -0.344682,39.654932 -0.339786,39.653432 -0.336186,39.652494 -0.331991,39.651271 -0.330323,39.649512 -0.325456,39.651815 -0.32514,39.65215 -0.323957,39.65442 -0.324999,39.655804 -0.326325,39.657402 -0.326484,39.657793 -0.326275,39.6605 -0.326153,39.66065 -0.325435,39.66112 -0.3249,39.661405 -0.322254,39.662011 -0.321543,39.66231 -0.321101,39.662597 -0.319206,39.66458 -0.317478,39.666765 -0.317017,39.66725 -0.317786,39.669366 -0.317899,39.670342 -0.318177,39.671312 -0.318408,39.67257 -0.317861,39.672845 -0.316903,39.673184 -0.31329,39.674686 -0.313183,39.674737 -0.312977,39.674949 -0.312609,39.675706 -0.312574,39.676299 -0.312534,39.676749 -0.312329,39.677528 -0.311998,39.678223 -0.311341,39.678046 -0.310852,39.678034 -0.309818,39.678244 -0.307931,39.678489 -0.30723,39.678536 -0.305554,39.678461 -0.302838,39.678163 -0.299933,39.677916 -0.298719,39.677653 -0.298639,39.677922 -0.298493,39.678963 -0.299536,39.680906 -0.299265,39.68099 -0.300525,39.683659 -0.301496,39.684771 -0.302505,39.6852 -0.3034,39.68559 -0.304666,39.685998 -0.307229,39.686652 -0.308042,39.687347 -0.308883,39.687592 -0.310413,39.687834 -0.312901,39.68891 -0.314796,39.689963 -0.317345,39.691292 -0.317554,39.691315 -0.317762,39.691347 -0.320524,39.691086 -0.321912,39.691686 -0.324404,39.692374 -0.325591,39.692437 -0.325496,39.692183 -0.32533,39.691945 -0.324587,39.691558 -0.32435,39.690454 -0.32492,39.690791 -0.325271,39.691061 -0.325715,39.691629 -0.325911,39.691985 -0.326266,39.692462 -0.326545,39.693081 -0.326882,39.694944 -0.327157,39.695365 -0.327768,39.695848 -0.328431,39.696484 -0.327344,39.696856 -0.323854,39.697847 -0.322021,39.698517 -0.316177,39.700661 -0.28049,39.682792 -0.28052,39.682387 -0.280508,39.682335 -0.280482,39.682231 -0.280521,39.681848 -0.280545,39.681803 -0.280621,39.681252 -0.280655,39.681248 -0.280558,39.680741 -0.280617,39.680666 -0.280742,39.680344 -0.280784,39.680027 -0.280842,39.679996 -0.281065,39.679611 -0.281096,39.679522 -0.281134,39.679365 -0.28119,39.679249 -0.281235,39.679181 -0.281286,39.679071 -0.281318,39.678876 -0.281345,39.678794 -0.281592,39.677972 -0.316029,39.646377"
